{"agroAfter6": {"games_played": 320000, "average_margin": {"average": 7.426399860588608e+30, "match_count": 32}, "win_loss_rate": {"overall": {"wins": 175389, "losses": 144611, "rate": 0.548090625}, "first": {"wins": 130850, "losses": 29150, "rate": 0.8178125}, "second": {"wins": 44539, "losses": 115461, "rate": 0.27836875}}}, "untilReach10": {"games_played": 320000, "average_margin": {"average": 4.5639292841284826e+30, "match_count": 32}, "win_loss_rate": {"overall": {"wins": 178428, "losses": 141572, "rate": 0.5575875}, "first": {"wins": 61915, "losses": 98085, "rate": 0.38696875}, "second": {"wins": 116513, "losses": 43487, "rate": 0.72820625}}}, "untilRoll456": {"games_played": 320000, "average_margin": {"average": -6.815973359829303e+30, "match_count": 32}, "win_loss_rate": {"overall": {"wins": 175758, "losses": 144242, "rate": 0.54924375}, "first": {"wins": 117243, "losses": 42757, "rate": 0.73276875}, "second": {"wins": 58515, "losses": 101485, "rate": 0.36571875}}}, "beatOpponent": {"games_played": 320000, "average_margin": {"average": 2.9264698026832605e+31, "match_count": 32}, "win_loss_rate": {"overall": {"wins": 196591, "losses": 123409, "rate": 0.614346875}, "first": {"wins": 83889, "losses": 76111, "rate": 0.52430625}, "second": {"wins": 112702, "losses": 47298, "rate": 0.7043875}}}, "untilReach15": {"games_played": 320000, "average_margin": {"average": 3.840683443586085e+31, "match_count": 32}, "win_loss_rate": {"overall": {"wins": 178137, "losses": 141863, "rate": 0.556678125}, "first": {"wins": 61891, "losses": 98109, "rate": 0.38681875}, "second": {"wins": 116246, "losses": 43754, "rate": 0.7265375}}}, "alwaysTrue": {"games_played": 320000, "average_margin": {"average": -2.075738737466245e+31, "match_count": 32}, "win_loss_rate": {"overall": {"wins": 170867, "losses": 149133, "rate": 0.533959375}, "first": {"wins": 43911, "losses": 116089, "rate": 0.27444375}, "second": {"wins": 126956, "losses": 33044, "rate": 0.793475}}}, "untilReach8": {"games_played": 320000, "average_margin": {"average": 2.884736286273642e+31, "match_count": 32}, "win_loss_rate": {"overall": {"wins": 178453, "losses": 141547, "rate": 0.557665625}, "first": {"wins": 61954, "losses": 98046, "rate": 0.3872125}, "second": {"wins": 116499, "losses": 43501, "rate": 0.72811875}}}, "untilReach20": {"games_played": 320000, "average_margin": {"average": -9.952410347152376e+30, "match_count": 32}, "win_loss_rate": {"overall": {"wins": 178369, "losses": 141631, "rate": 0.557403125}, "first": {"wins": 61949, "losses": 98051, "rate": 0.38718125}, "second": {"wins": 116420, "losses": 43580, "rate": 0.727625}}}, "untilRoll3456": {"games_played": 320000, "average_margin": {"average": 2.696356398850259e+31, "match_count": 32}, "win_loss_rate": {"overall": {"wins": 177826, "losses": 142174, "rate": 0.55570625}, "first": {"wins": 93084, "losses": 66916, "rate": 0.581775}, "second": {"wins": 84742, "losses": 75258, "rate": 0.5296375}}}, "alwaysFalse": {"games_played": 320000, "average_margin": {"average": -2.541441739943518e+31, "match_count": 32}, "win_loss_rate": {"overall": {"wins": 178533, "losses": 141467, "rate": 0.557915625}, "first": {"wins": 61947, "losses": 98053, "rate": 0.38716875}, "second": {"wins": 116586, "losses": 43414, "rate": 0.7286625}}}, "untilRoll6": {"games_played": 320000, "average_margin": {"average": -1.5187904880458174e+31, "match_count": 32}, "win_loss_rate": {"overall": {"wins": 173395, "losses": 146605, "rate": 0.541859375}, "first": {"wins": 143012, "losses": 16988, "rate": 0.893825}, "second": {"wins": 30383, "losses": 129617, "rate": 0.18989375}}}, "untilRoll56": {"games_played": 320000, "average_margin": {"average": 8.682669146114233e+30, "match_count": 32}, "win_loss_rate": {"overall": {"wins": 174757, "losses": 145243, "rate": 0.546115625}, "first": {"wins": 135174, "losses": 24826, "rate": 0.8448375}, "second": {"wins": 39583, "losses": 120417, "rate": 0.24739375}}}, "randomControl": {"games_played": 320000, "average_margin": {"average": -3.3935502512112686e+30, "match_count": 32}, "win_loss_rate": {"overall": {"wins": 175969, "losses": 144031, "rate": 0.549903125}, "first": {"wins": 120945, "losses": 39055, "rate": 0.75590625}, "second": {"wins": 55024, "losses": 104976, "rate": 0.3439}}}, "untilReach25": {"games_played": 320000, "average_margin": {"average": -3.695941191031675e+31, "match_count": 32}, "win_loss_rate": {"overall": {"wins": 178517, "losses": 141483, "rate": 0.557865625}, "first": {"wins": 61947, "losses": 98053, "rate": 0.38716875}, "second": {"wins": 116570, "losses": 43430, "rate": 0.7285625}}}, "agroAfter10": {"games_played": 320000, "average_margin": {"average": -3.177339716761332e+31, "match_count": 32}, "win_loss_rate": {"overall": {"wins": 175873, "losses": 144127, "rate": 0.549603125}, "first": {"wins": 123432, "losses": 36568, "rate": 0.77145}, "second": {"wins": 52441, "losses": 107559, "rate": 0.32775625}}}, "untilReach5": {"games_played": 320000, "average_margin": {"average": 4.119928669977843e+31, "match_count": 32}, "win_loss_rate": {"overall": {"wins": 174662, "losses": 145338, "rate": 0.54581875}, "first": {"wins": 57619, "losses": 102381, "rate": 0.36011875}, "second": {"wins": 117043, "losses": 42957, "rate": 0.73151875}}}}